date,amount,category,payment_method,description,merchant
2024-01-01,14714,Rent,Card,Monthly Rent,Landlord
2024-01-01,1205,Utilities,UPI,Internet,BESCOM
2024-01-01,816,Miscellaneous,Cash,Random items,Local Store
2024-01-02,527,Food & Dining,Net Banking,Food Delivery,Zomato
2024-01-02,1730,Food & Dining,UPI,Lunch,Local Cafe
2024-01-03,1534,Miscellaneous,Cash,Random items,Amazon
2024-01-05,1599,Food & Dining,Card,Lunch,Starbucks
2024-01-05,119,Subscriptions,UPI,Spotify Subscription,Spotify
2024-01-05,119,Subscriptions,Cash,Spotify Subscription,Spotify
2024-01-05,119,Subscriptions,UPI,Spotify Subscription,Spotify
2024-01-06,399,Transport,Cash,Cab ride,Ola
2024-01-06,397,Medical & Health,Cash,Consultation,Practo
2024-01-06,450,Entertainment,UPI,Streaming,Netflix
2024-01-07,887,Food & Dining,UPI,Food Delivery,Starbucks
2024-01-07,3002,Education,Net Banking,Books,Udemy
2024-01-10,834,Food & Dining,UPI,Food Delivery,Zomato
2024-01-10,461,Food & Dining,Cash,Dinner,Local Cafe
2024-01-10,2500,Insurance,Card,Life Insurance,HDFC Life
2024-01-11,2517,Shopping,Cash,Online Shopping,Myntra
2024-01-12,148,Transport,UPI,Cab ride,Ola
2024-01-12,439,Transport,UPI,Cab ride,Metro
2024-01-12,348,Transport,Cash,Office commute,Uber
2024-01-13,503,Food & Dining,Net Banking,Coffee,Starbucks
2024-01-13,423,Food & Dining,UPI,Dinner,Swiggy
2024-01-14,223,Transport,UPI,Metro recharge,Uber
2024-01-15,98,Transport,UPI,Metro recharge,Metro
2024-01-16,1874,Food & Dining,Net Banking,Coffee,Starbucks
2024-01-16,1232,Food & Dining,Cash,Lunch,Swiggy
2024-01-17,4315,Shopping,UPI,Online Shopping,Flipkart
2024-01-17,1139,Personal Care,Cash,Skincare,Urban Company
2024-01-18,417,Transport,Cash,Office commute,Ola
2024-01-18,1041,Utilities,Net Banking,Internet,Jio
2024-01-20,332,Transport,UPI,Metro recharge,Uber
2024-01-20,731,Personal Care,Cash,Skincare,Nykaa
2024-01-21,2367,Utilities,Net Banking,Mobile Recharge,Jio
2024-01-23,145,Food & Dining,Cash,Coffee,Starbucks
2024-01-23,264,Transport,UPI,Cab ride,Ola
2024-01-24,107,Food & Dining,Cash,Food Delivery,Zomato
2024-01-24,559,Food & Dining,Net Banking,Coffee,Zomato
2024-01-24,1144,Entertainment,Net Banking,Movie ticket,Netflix
2024-01-25,1840,Food & Dining,Cash,Coffee,Swiggy
2024-01-25,779,Entertainment,Net Banking,Streaming,Netflix
2024-01-26,955,Shopping,UPI,Clothes,Myntra
2024-01-27,1413,Food & Dining,Net Banking,Food Delivery,Swiggy
2024-01-27,109,Transport,UPI,Office commute,Ola
2024-01-27,635,Utilities,Cash,Mobile Recharge,BESCOM
2024-01-27,1222,Entertainment,UPI,Movie ticket,PVR Cinemas
2024-02-01,14292,Rent,Card,Monthly Rent,Landlord
2024-02-01,791,Entertainment,Net Banking,Movie ticket,PVR Cinemas
2024-02-02,4197,Shopping,Card,Clothes,Myntra
2024-02-02,266,Medical & Health,Cash,Consultation,Practo
2024-02-03,295,Transport,UPI,Metro recharge,Uber
2024-02-05,1279,Food & Dining,Net Banking,Food Delivery,Local Cafe
2024-02-05,182,Transport,UPI,Metro recharge,Ola
2024-02-05,1500,Subscriptions,Card,Gym Membership,Gold Gym
2024-02-05,649,Subscriptions,UPI,Netflix Subscription,Netflix
2024-02-05,649,Subscriptions,Net Banking,Netflix Subscription,Netflix
2024-02-05,6382,Travel,Card,Flight ticket,MakeMyTrip
2024-02-06,119,Food & Dining,UPI,Dinner,Swiggy
2024-02-06,980,Entertainment,Cash,Streaming,PVR Cinemas
2024-02-07,875,Food & Dining,Card,Food Delivery,Swiggy
2024-02-07,1829,Food & Dining,Net Banking,Coffee,Swiggy
2024-02-09,980,Personal Care,Cash,Salon service,Nykaa
2024-02-10,620,Food & Dining,UPI,Food Delivery,Swiggy
2024-02-10,1590,Food & Dining,UPI,Food Delivery,Local Cafe
2024-02-10,2500,Insurance,UPI,Life Insurance,LIC
2024-02-11,261,Transport,UPI,Metro recharge,Uber
2024-02-12,4238,Shopping,UPI,Online Shopping,Flipkart
2024-02-13,1248,Food & Dining,Net Banking,Coffee,Zomato
2024-02-14,1947,Food & Dining,Net Banking,Lunch,Swiggy
2024-02-14,352,Transport,Cash,Cab ride,Ola
2024-02-14,922,Utilities,Net Banking,Mobile Recharge,Airtel
2024-02-15,1486,Food & Dining,Net Banking,Dinner,Local Cafe
2024-02-15,2718,Utilities,Card,Mobile Recharge,Jio
2024-02-16,343,Transport,Cash,Office commute,Ola
2024-02-18,1296,Food & Dining,Net Banking,Food Delivery,Starbucks
2024-02-18,227,Entertainment,UPI,Movie ticket,Netflix
2024-02-19,569,Food & Dining,Cash,Coffee,Zomato
2024-02-19,65,Transport,Cash,Office commute,Ola
2024-02-20,2292,Education,Cash,Books,Udemy
2024-02-20,1510,Personal Care,Cash,Salon service,Nykaa
2024-02-21,421,Miscellaneous,Cash,Random items,Amazon
2024-02-22,206,Transport,UPI,Office commute,Metro
2024-02-22,188,Miscellaneous,UPI,Random items,Amazon
2024-02-23,1917,Food & Dining,Cash,Food Delivery,Swiggy
2024-02-23,495,Transport,UPI,Office commute,Metro
2024-02-23,1493,Entertainment,Card,Movie ticket,PVR Cinemas
2024-02-24,80,Transport,Cash,Metro recharge,Ola
2024-02-24,3024,Utilities,Card,Mobile Recharge,Airtel
2024-02-24,553,Utilities,Net Banking,Internet,BESCOM
2024-02-25,1905,Food & Dining,Cash,Lunch,Zomato
2024-02-25,770,Shopping,UPI,Electronics,Amazon
2024-02-26,1331,Food & Dining,Net Banking,Food Delivery,Swiggy
2024-02-27,1770,Food & Dining,UPI,Dinner,Local Cafe
2024-02-28,427,Transport,Cash,Office commute,Metro
2024-03-01,13858,Rent,Card,Monthly Rent,Landlord
2024-03-01,3321,Shopping,Card,Online Shopping,Flipkart
2024-03-01,890,Entertainment,Cash,Streaming,PVR Cinemas
2024-03-02,185,Transport,UPI,Cab ride,Metro
2024-03-02,533,Shopping,Net Banking,Electronics,Amazon
2024-03-03,1371,Food & Dining,Card,Dinner,Starbucks
2024-03-03,1604,Food & Dining,Net Banking,Coffee,Starbucks
2024-03-04,511,Entertainment,Cash,Movie ticket,PVR Cinemas
2024-03-05,223,Food & Dining,Cash,Food Delivery,Starbucks
2024-03-05,1500,Subscriptions,Cash,Gym Membership,Gold Gym
2024-03-05,119,Subscriptions,UPI,Spotify Subscription,Spotify
2024-03-05,649,Subscriptions,Card,Netflix Subscription,Netflix
2024-03-06,1368,Food & Dining,Net Banking,Coffee,Swiggy
2024-03-06,318,Food & Dining,Cash,Food Delivery,Swiggy
2024-03-07,1853,Food & Dining,UPI,Food Delivery,Starbucks
2024-03-07,157,Transport,Cash,Cab ride,Metro
2024-03-10,2500,Insurance,Net Banking,Life Insurance,HDFC Life
2024-03-11,459,Food & Dining,UPI,Lunch,Local Cafe
2024-03-11,274,Food & Dining,Cash,Lunch,Swiggy
2024-03-12,716,Entertainment,UPI,Movie ticket,Netflix
2024-03-13,387,Transport,UPI,Cab ride,Ola
2024-03-13,254,Transport,UPI,Metro recharge,Ola
2024-03-14,428,Food & Dining,Cash,Food Delivery,Starbucks
2024-03-14,573,Entertainment,UPI,Streaming,PVR Cinemas
2024-03-14,1453,Personal Care,Net Banking,Skincare,Nykaa
2024-03-15,1327,Food & Dining,Card,Dinner,Local Cafe
2024-03-15,1722,Food & Dining,UPI,Food Delivery,Swiggy
2024-03-15,98,Transport,Cash,Cab ride,Ola
2024-03-16,454,Food & Dining,UPI,Lunch,Starbucks
2024-03-16,1209,Utilities,UPI,Electricity Bill,BESCOM
2024-03-17,560,Food & Dining,Card,Lunch,Zomato
2024-03-17,1973,Utilities,Net Banking,Internet,Jio
2024-03-18,1277,Utilities,UPI,Internet,Jio
2024-03-19,1731,Education,UPI,Books,Coursera
2024-03-20,1893,Food & Dining,Cash,Coffee,Local Cafe
2024-03-20,375,Transport,UPI,Metro recharge,Ola
2024-03-22,1695,Utilities,Cash,Internet,BESCOM
2024-03-22,3546,Shopping,Cash,Electronics,Myntra
2024-03-23,270,Transport,Cash,Cab ride,Ola
2024-03-24,2069,Food & Dining,UPI,Dinner,Starbucks
2024-03-24,1717,Miscellaneous,Net Banking,Random items,Local Store
2024-03-25,217,Transport,Cash,Cab ride,Uber
2024-03-25,1448,Miscellaneous,Cash,Random items,Amazon
2024-03-26,1061,Personal Care,Cash,Salon service,Urban Company
2024-03-27,97,Transport,Cash,Cab ride,Uber
2024-03-27,362,Transport,Cash,Metro recharge,Metro
2024-03-27,922,Medical & Health,Cash,Consultation,Practo
2024-04-01,15756,Rent,Net Banking,Monthly Rent,Landlord
2024-04-01,1325,Food & Dining,UPI,Lunch,Zomato
2024-04-01,2290,Shopping,Net Banking,Online Shopping,Myntra
2024-04-02,2161,Utilities,UPI,Mobile Recharge,Airtel
2024-04-04,1460,Food & Dining,Cash,Food Delivery,Local Cafe
2024-04-04,3086,Utilities,Card,Electricity Bill,Jio
2024-04-05,216,Transport,Cash,Office commute,Metro
2024-04-05,93,Transport,Cash,Metro recharge,Uber
2024-04-05,610,Entertainment,UPI,Streaming,PVR Cinemas
2024-04-05,119,Subscriptions,Cash,Spotify Subscription,Spotify
2024-04-05,1500,Subscriptions,Cash,Gym Membership,Gold Gym
2024-04-05,1500,Subscriptions,UPI,Gym Membership,Gold Gym
2024-04-06,198,Transport,Cash,Office commute,Uber
2024-04-06,1464,Utilities,Cash,Mobile Recharge,Airtel
2024-04-07,450,Medical & Health,Cash,Consultation,Apollo Pharmacy
2024-04-09,1910,Food & Dining,Cash,Coffee,Starbucks
2024-04-09,198,Transport,UPI,Office commute,Ola
2024-04-09,474,Miscellaneous,Cash,Random items,Local Store
2024-04-10,1026,Food & Dining,Card,Lunch,Local Cafe
2024-04-10,2021,Food & Dining,UPI,Dinner,Starbucks
2024-04-10,2500,Insurance,Net Banking,Life Insurance,HDFC Life
2024-04-12,1270,Personal Care,Net Banking,Salon service,Nykaa
2024-04-13,1158,Shopping,Cash,Online Shopping,Flipkart
2024-04-14,666,Entertainment,Cash,Movie ticket,PVR Cinemas
2024-04-16,1898,Food & Dining,Cash,Dinner,Local Cafe
2024-04-16,657,Food & Dining,Card,Dinner,Local Cafe
2024-04-17,121,Food & Dining,Cash,Lunch,Swiggy
2024-04-18,822,Entertainment,Net Banking,Movie ticket,PVR Cinemas
2024-04-19,519,Transport,Card,Office commute,Ola
2024-04-19,1372,Entertainment,Card,Streaming,PVR Cinemas
2024-04-20,499,Food & Dining,Cash,Dinner,Starbucks
2024-04-20,486,Transport,Cash,Cab ride,Metro
2024-04-20,133,Transport,UPI,Metro recharge,Metro
2024-04-20,748,Utilities,UPI,Internet,Jio
2024-04-21,1808,Miscellaneous,UPI,Random items,Local Store
2024-04-22,734,Food & Dining,Net Banking,Coffee,Starbucks
2024-04-22,83,Transport,UPI,Metro recharge,Uber
2024-04-22,925,Personal Care,Card,Skincare,Urban Company
2024-04-23,295,Transport,UPI,Metro recharge,Uber
2024-04-23,1495,Shopping,Net Banking,Online Shopping,Myntra
2024-04-24,2338,Education,Cash,Online course,Coursera
2024-04-25,553,Food & Dining,Net Banking,Dinner,Starbucks
2024-04-25,1206,Food & Dining,Cash,Coffee,Zomato
2024-04-26,446,Transport,Cash,Cab ride,Uber
2024-04-27,167,Food & Dining,Cash,Lunch,Local Cafe
2024-04-27,678,Food & Dining,Card,Food Delivery,Zomato
2024-04-28,222,Food & Dining,Cash,Food Delivery,Zomato
2024-05-01,15710,Rent,Net Banking,Monthly Rent,Landlord
2024-05-01,631,Personal Care,UPI,Skincare,Nykaa
2024-05-03,376,Food & Dining,UPI,Lunch,Local Cafe
2024-05-05,1129,Food & Dining,Card,Food Delivery,Local Cafe
2024-05-05,1500,Subscriptions,Net Banking,Gym Membership,Gold Gym
2024-05-05,649,Subscriptions,Cash,Netflix Subscription,Netflix
2024-05-05,1500,Subscriptions,Net Banking,Gym Membership,Gold Gym
2024-05-05,1445,Personal Care,Net Banking,Salon service,Nykaa
2024-05-05,318,Miscellaneous,Cash,Random items,Local Store
2024-05-06,417,Transport,Cash,Cab ride,Uber
2024-05-06,1834,Education,Cash,Online course,Udemy
2024-05-07,1226,Food & Dining,UPI,Coffee,Starbucks
2024-05-07,1351,Entertainment,Cash,Movie ticket,PVR Cinemas
2024-05-08,143,Transport,UPI,Metro recharge,Uber
2024-05-08,2741,Utilities,Card,Electricity Bill,BESCOM
2024-05-08,1832,Shopping,Net Banking,Online Shopping,Amazon
2024-05-08,2813,Travel,Cash,Flight ticket,MakeMyTrip
2024-05-10,1073,Food & Dining,Cash,Food Delivery,Zomato
2024-05-10,2500,Insurance,Net Banking,Life Insurance,LIC
2024-05-10,1923,Miscellaneous,Net Banking,Random items,Local Store
2024-05-11,5282,Shopping,Card,Online Shopping,Amazon
2024-05-14,2133,Utilities,Net Banking,Electricity Bill,Jio
2024-05-15,2054,Food & Dining,Card,Lunch,Local Cafe
2024-05-16,1380,Food & Dining,Cash,Coffee,Local Cafe
2024-05-16,116,Transport,UPI,Metro recharge,Metro
2024-05-16,3227,Utilities,Card,Internet,Airtel
2024-05-16,2354,Shopping,Net Banking,Electronics,Myntra
2024-05-17,84,Transport,Cash,Metro recharge,Metro
2024-05-17,540,Transport,Cash,Cab ride,Ola
2024-05-17,585,Entertainment,UPI,Movie ticket,Netflix
2024-05-18,509,Transport,Net Banking,Metro recharge,Metro
2024-05-18,1439,Entertainment,UPI,Movie ticket,PVR Cinemas
2024-05-19,1856,Food & Dining,Card,Lunch,Swiggy
2024-05-19,158,Transport,Cash,Metro recharge,Uber
2024-05-20,407,Food & Dining,Cash,Coffee,Local Cafe
2024-05-21,1307,Food & Dining,Cash,Food Delivery,Zomato
2024-05-22,1740,Food & Dining,Net Banking,Lunch,Starbucks
2024-05-24,1315,Food & Dining,Net Banking,Lunch,Local Cafe
2024-05-24,356,Transport,UPI,Cab ride,Metro
2024-05-24,480,Medical & Health,UPI,Consultation,Apollo Pharmacy
2024-05-24,462,Entertainment,UPI,Movie ticket,PVR Cinemas
2024-05-26,967,Food & Dining,Card,Lunch,Local Cafe
2024-05-26,898,Utilities,Net Banking,Internet,BESCOM
2024-05-27,259,Transport,UPI,Office commute,Ola
2024-05-27,76,Transport,UPI,Metro recharge,Ola
2024-05-28,1008,Food & Dining,Card,Food Delivery,Swiggy
2024-05-28,2015,Food & Dining,Net Banking,Food Delivery,Zomato
2024-05-28,1022,Food & Dining,Card,Food Delivery,Starbucks
2024-06-01,16024,Rent,Card,Monthly Rent,Landlord
2024-06-01,1388,Food & Dining,Net Banking,Lunch,Zomato
2024-06-01,201,Transport,UPI,Cab ride,Metro
2024-06-02,465,Food & Dining,Cash,Lunch,Zomato
2024-06-02,1545,Entertainment,Cash,Streaming,PVR Cinemas
2024-06-03,1714,Food & Dining,Net Banking,Dinner,Swiggy
2024-06-03,707,Personal Care,UPI,Salon service,Urban Company
2024-06-04,2168,Food & Dining,Cash,Lunch,Local Cafe
2024-06-04,917,Utilities,UPI,Electricity Bill,BESCOM
2024-06-05,1637,Food & Dining,Cash,Coffee,Swiggy
2024-06-05,3080,Education,Net Banking,Books,Coursera
2024-06-05,649,Subscriptions,UPI,Netflix Subscription,Netflix
2024-06-05,1500,Subscriptions,Net Banking,Gym Membership,Gold Gym
2024-06-05,649,Subscriptions,Net Banking,Netflix Subscription,Netflix
2024-06-06,733,Food & Dining,UPI,Food Delivery,Swiggy
2024-06-08,144,Transport,Cash,Cab ride,Metro
2024-06-08,663,Medical & Health,Net Banking,Medicines,Practo
2024-06-08,1058,Entertainment,UPI,Streaming,Netflix
2024-06-09,334,Transport,Cash,Office commute,Metro
2024-06-10,1575,Food & Dining,UPI,Dinner,Swiggy
2024-06-10,591,Food & Dining,UPI,Coffee,Zomato
2024-06-10,2500,Insurance,Net Banking,Life Insurance,LIC
2024-06-11,1280,Food & Dining,Card,Dinner,Swiggy
2024-06-11,496,Transport,Cash,Office commute,Ola
2024-06-12,4962,Shopping,UPI,Online Shopping,Amazon
2024-06-15,372,Transport,UPI,Office commute,Metro
2024-06-16,4041,Shopping,Card,Electronics,Amazon
2024-06-16,3952,Shopping,Card,Electronics,Flipkart
2024-06-16,886,Personal Care,Net Banking,Salon service,Nykaa
2024-06-17,350,Transport,Cash,Office commute,Uber
2024-06-18,2653,Utilities,Card,Mobile Recharge,Jio
2024-06-19,773,Food & Dining,Cash,Food Delivery,Swiggy
2024-06-20,144,Transport,Cash,Cab ride,Ola
2024-06-20,144,Transport,Cash,Cab ride,Ola
2024-06-21,2128,Food & Dining,Net Banking,Food Delivery,Zomato
2024-06-22,1075,Entertainment,Net Banking,Streaming,Netflix
2024-06-23,336,Food & Dining,UPI,Lunch,Local Cafe
2024-06-23,1281,Entertainment,Cash,Streaming,PVR Cinemas
2024-06-23,2058,Miscellaneous,Cash,Random items,Amazon
2024-06-24,390,Miscellaneous,UPI,Random items,Local Store
2024-06-25,1964,Food & Dining,Cash,Dinner,Starbucks
2024-06-25,2017,Food & Dining,UPI,Dinner,Local Cafe
2024-06-26,306,Food & Dining,Cash,Coffee,Local Cafe
2024-06-26,257,Transport,Cash,Metro recharge,Ola
2024-06-27,402,Transport,Cash,Metro recharge,Uber
2024-06-27,2938,Utilities,UPI,Electricity Bill,Airtel
2024-06-27,2053,Utilities,Cash,Mobile Recharge,Airtel
2024-07-01,15335,Rent,Net Banking,Monthly Rent,Landlord
2024-07-01,212,Food & Dining,UPI,Lunch,Zomato
2024-07-01,445,Transport,Cash,Metro recharge,Uber
2024-07-02,414,Transport,UPI,Office commute,Ola
2024-07-02,1627,Entertainment,UPI,Streaming,Netflix
2024-07-02,566,Personal Care,UPI,Skincare,Nykaa
2024-07-03,413,Transport,UPI,Metro recharge,Metro
2024-07-04,906,Food & Dining,UPI,Coffee,Starbucks
2024-07-05,1500,Subscriptions,Net Banking,Gym Membership,Gold Gym
2024-07-05,119,Subscriptions,UPI,Spotify Subscription,Spotify
2024-07-05,649,Subscriptions,UPI,Netflix Subscription,Netflix
2024-07-06,1583,Food & Dining,Card,Food Delivery,Starbucks
2024-07-06,1291,Utilities,Net Banking,Internet,BESCOM
2024-07-06,4861,Education,Cash,Books,Udemy
2024-07-07,540,Transport,Net Banking,Cab ride,Uber
2024-07-07,2272,Shopping,UPI,Online Shopping,Amazon
2024-07-09,563,Food & Dining,UPI,Lunch,Swiggy
2024-07-09,1615,Miscellaneous,Cash,Random items,Amazon
2024-07-09,434,Miscellaneous,UPI,Random items,Amazon
2024-07-10,2500,Insurance,Cash,Life Insurance,HDFC Life
2024-07-10,751,Personal Care,Cash,Skincare,Urban Company
2024-07-13,1706,Food & Dining,Net Banking,Dinner,Starbucks
2024-07-13,775,Medical & Health,Cash,Medicines,Practo
2024-07-13,1039,Entertainment,Cash,Movie ticket,Netflix
2024-07-14,458,Food & Dining,Cash,Coffee,Zomato
2024-07-14,454,Transport,Cash,Office commute,Ola
2024-07-14,4904,Travel,Card,Flight ticket,Indigo
2024-07-15,843,Food & Dining,Card,Food Delivery,Starbucks
2024-07-18,332,Food & Dining,Cash,Food Delivery,Local Cafe
2024-07-19,1210,Food & Dining,Cash,Lunch,Local Cafe
2024-07-20,2042,Food & Dining,UPI,Dinner,Swiggy
2024-07-20,144,Transport,Cash,Metro recharge,Uber
2024-07-20,556,Transport,Net Banking,Office commute,Ola
2024-07-21,273,Transport,UPI,Cab ride,Uber
2024-07-22,339,Transport,Cash,Cab ride,Metro
2024-07-22,113,Transport,UPI,Cab ride,Metro
2024-07-23,1037,Food & Dining,Net Banking,Food Delivery,Local Cafe
2024-07-23,1715,Utilities,UPI,Internet,Airtel
2024-07-24,398,Food & Dining,Cash,Coffee,Zomato
2024-07-24,1317,Food & Dining,Card,Lunch,Zomato
2024-07-24,3421,Shopping,Cash,Clothes,Amazon
2024-07-24,1983,Shopping,Net Banking,Clothes,Amazon
2024-07-25,477,Food & Dining,UPI,Food Delivery,Zomato
2024-07-26,407,Food & Dining,UPI,Dinner,Starbucks
2024-07-27,2401,Utilities,Net Banking,Internet,BESCOM
2024-07-27,676,Utilities,Card,Electricity Bill,Airtel
2024-07-27,1086,Entertainment,Net Banking,Streaming,PVR Cinemas
2024-07-27,1458,Entertainment,Net Banking,Streaming,PVR Cinemas
2024-08-01,16585,Rent,Net Banking,Monthly Rent,Landlord
2024-08-01,1295,Food & Dining,Net Banking,Coffee,Swiggy
2024-08-01,191,Food & Dining,UPI,Coffee,Local Cafe
2024-08-01,1040,Food & Dining,Cash,Dinner,Starbucks
2024-08-01,3165,Shopping,Net Banking,Online Shopping,Amazon
2024-08-03,1564,Food & Dining,UPI,Coffee,Zomato
2024-08-04,349,Food & Dining,UPI,Food Delivery,Local Cafe
2024-08-05,542,Medical & Health,Card,Consultation,Practo
2024-08-05,1293,Entertainment,Card,Streaming,Netflix
2024-08-05,119,Subscriptions,UPI,Spotify Subscription,Spotify
2024-08-05,119,Subscriptions,Cash,Spotify Subscription,Spotify
2024-08-05,1500,Subscriptions,Card,Gym Membership,Gold Gym
2024-08-06,372,Transport,Cash,Cab ride,Metro
2024-08-06,1218,Entertainment,Cash,Movie ticket,PVR Cinemas
2024-08-07,2053,Food & Dining,Net Banking,Food Delivery,Swiggy
2024-08-07,240,Transport,Cash,Metro recharge,Metro
2024-08-08,189,Transport,Cash,Cab ride,Uber
2024-08-08,673,Entertainment,Card,Streaming,PVR Cinemas
2024-08-09,1667,Food & Dining,Net Banking,Lunch,Swiggy
2024-08-09,178,Transport,UPI,Office commute,Metro
2024-08-10,731,Utilities,Card,Internet,Airtel
2024-08-10,1690,Education,Net Banking,Online course,Coursera
2024-08-10,2500,Insurance,Card,Life Insurance,HDFC Life
2024-08-11,441,Transport,Cash,Office commute,Ola
2024-08-11,807,Miscellaneous,Net Banking,Random items,Local Store
2024-08-13,368,Food & Dining,UPI,Coffee,Local Cafe
2024-08-13,405,Transport,Cash,Metro recharge,Uber
2024-08-14,139,Food & Dining,Cash,Lunch,Zomato
2024-08-14,5479,Shopping,Card,Clothes,Amazon
2024-08-15,185000,Medical & Health,Net Banking,Hospital Bill,Apollo Hospital
2024-08-16,1922,Food & Dining,UPI,Dinner,Zomato
2024-08-16,648,Entertainment,Card,Movie ticket,PVR Cinemas
2024-08-18,1133,Food & Dining,Net Banking,Coffee,Swiggy
2024-08-19,1244,Food & Dining,Card,Lunch,Swiggy
2024-08-19,410,Transport,UPI,Metro recharge,Ola
2024-08-19,2308,Travel,Net Banking,Flight ticket,Indigo
2024-08-22,1206,Food & Dining,Cash,Coffee,Starbucks
2024-08-22,1550,Miscellaneous,Card,Random items,Amazon
2024-08-23,1816,Food & Dining,Net Banking,Lunch,Swiggy
2024-08-23,2091,Food & Dining,Card,Coffee,Swiggy
2024-08-23,506,Transport,UPI,Office commute,Uber
2024-08-24,166,Transport,Cash,Cab ride,Ola
2024-08-25,1162,Utilities,Cash,Internet,BESCOM
2024-08-25,2761,Utilities,Net Banking,Electricity Bill,Jio
2024-08-26,1030,Utilities,Net Banking,Mobile Recharge,Airtel
2024-08-26,1393,Personal Care,Card,Skincare,Nykaa
2024-08-27,788,Personal Care,Cash,Salon service,Urban Company
2024-08-28,269,Transport,Cash,Metro recharge,Metro
2024-08-28,1068,Shopping,Net Banking,Electronics,Flipkart
2024-09-01,14435,Rent,Card,Monthly Rent,Landlord
2024-09-02,5130,Shopping,Card,Clothes,Myntra
2024-09-04,1020,Food & Dining,UPI,Dinner,Local Cafe
2024-09-04,520,Food & Dining,Net Banking,Food Delivery,Local Cafe
2024-09-05,815,Food & Dining,Net Banking,Food Delivery,Swiggy
2024-09-05,203,Transport,UPI,Cab ride,Ola
2024-09-05,502,Transport,Card,Metro recharge,Metro
2024-09-05,1500,Subscriptions,UPI,Gym Membership,Gold Gym
2024-09-05,649,Subscriptions,Cash,Netflix Subscription,Netflix
2024-09-05,649,Subscriptions,Card,Netflix Subscription,Netflix
2024-09-07,368,Food & Dining,Cash,Lunch,Swiggy
2024-09-10,1451,Food & Dining,UPI,Lunch,Zomato
2024-09-10,3476,Utilities,Cash,Electricity Bill,Jio
2024-09-10,1224,Education,Card,Books,Coursera
2024-09-10,2500,Insurance,Net Banking,Life Insurance,HDFC Life
2024-09-11,392,Transport,UPI,Metro recharge,Uber
2024-09-14,1731,Food & Dining,Net Banking,Coffee,Local Cafe
2024-09-14,943,Food & Dining,Cash,Food Delivery,Starbucks
2024-09-14,999,Personal Care,Card,Skincare,Urban Company
2024-09-15,154,Transport,UPI,Metro recharge,Ola
2024-09-15,3408,Utilities,Card,Electricity Bill,Airtel
2024-09-15,310,Medical & Health,Cash,Medicines,Practo
2024-09-15,1248,Entertainment,UPI,Streaming,Netflix
2024-09-15,1424,Entertainment,Card,Movie ticket,Netflix
2024-09-16,2042,Food & Dining,Card,Coffee,Zomato
2024-09-16,270,Transport,Cash,Metro recharge,Uber
2024-09-18,2430,Shopping,Net Banking,Clothes,Myntra
2024-09-20,388,Transport,Cash,Cab ride,Metro
2024-09-20,1446,Entertainment,Card,Movie ticket,Netflix
2024-09-21,591,Food & Dining,Net Banking,Coffee,Zomato
2024-09-22,264,Transport,UPI,Cab ride,Uber
2024-09-23,2400,Utilities,Net Banking,Internet,Jio
2024-09-24,733,Food & Dining,UPI,Coffee,Local Cafe
2024-09-24,1840,Food & Dining,Card,Lunch,Swiggy
2024-09-24,1041,Food & Dining,UPI,Lunch,Zomato
2024-09-24,180,Transport,UPI,Metro recharge,Uber
2024-09-25,265,Food & Dining,Cash,Dinner,Zomato
2024-09-26,1277,Food & Dining,Card,Lunch,Swiggy
2024-09-26,1299,Food & Dining,Card,Lunch,Zomato
2024-09-26,350,Transport,Cash,Metro recharge,Uber
2024-09-26,3831,Shopping,UPI,Online Shopping,Flipkart
2024-09-26,1151,Miscellaneous,Card,Random items,Amazon
2024-09-27,89,Transport,UPI,Office commute,Uber
2024-09-27,3207,Utilities,Net Banking,Mobile Recharge,Jio
2024-09-27,1590,Personal Care,Cash,Salon service,Urban Company
2024-09-28,1666,Entertainment,Card,Movie ticket,Netflix
2024-09-28,745,Miscellaneous,Net Banking,Random items,Local Store
2024-10-01,16171,Rent,Card,Monthly Rent,Landlord
2024-10-01,863,Personal Care,Card,Skincare,Urban Company
2024-10-02,1351,Food & Dining,Cash,Dinner,Swiggy
2024-10-02,2086,Food & Dining,UPI,Food Delivery,Local Cafe
2024-10-02,182,Transport,Cash,Cab ride,Metro
2024-10-02,978,Entertainment,Net Banking,Movie ticket,Netflix
2024-10-03,1026,Shopping,Card,Clothes,Flipkart
2024-10-03,1215,Entertainment,Card,Streaming,PVR Cinemas
2024-10-04,728,Food & Dining,Cash,Coffee,Zomato
2024-10-04,457,Transport,UPI,Metro recharge,Metro
2024-10-05,1695,Food & Dining,Net Banking,Coffee,Starbucks
2024-10-05,549,Transport,Card,Metro recharge,Uber
2024-10-05,1500,Subscriptions,Cash,Gym Membership,Gold Gym
2024-10-05,649,Subscriptions,Cash,Netflix Subscription,Netflix
2024-10-05,119,Subscriptions,Cash,Spotify Subscription,Spotify
2024-10-06,1770,Food & Dining,Net Banking,Dinner,Zomato
2024-10-07,197,Transport,UPI,Office commute,Uber
2024-10-08,1900,Food & Dining,Net Banking,Food Delivery,Starbucks
2024-10-08,186,Food & Dining,Cash,Dinner,Starbucks
2024-10-09,1340,Food & Dining,Card,Lunch,Starbucks
2024-10-09,1636,Utilities,UPI,Electricity Bill,Airtel
2024-10-10,2500,Insurance,Cash,Life Insurance,LIC
2024-10-11,304,Food & Dining,UPI,Coffee,Swiggy
2024-10-11,1870,Miscellaneous,Card,Random items,Local Store
2024-10-13,1281,Food & Dining,UPI,Dinner,Local Cafe
2024-10-13,566,Transport,Cash,Office commute,Metro
2024-10-14,3485,Utilities,UPI,Mobile Recharge,Airtel
2024-10-14,1972,Shopping,Net Banking,Electronics,Myntra
2024-10-15,593,Utilities,Cash,Electricity Bill,Jio
2024-10-15,442,Entertainment,UPI,Streaming,PVR Cinemas
2024-10-16,1026,Miscellaneous,Net Banking,Random items,Local Store
2024-10-17,316,Entertainment,UPI,Movie ticket,Netflix
2024-10-17,4833,Education,Card,Books,Coursera
2024-10-19,1180,Utilities,Net Banking,Mobile Recharge,Airtel
2024-10-20,1772,Food & Dining,UPI,Dinner,Zomato
2024-10-20,74,Transport,UPI,Office commute,Metro
2024-10-22,2990,Shopping,UPI,Clothes,Amazon
2024-10-23,988,Medical & Health,UPI,Medicines,Practo
2024-10-23,896,Personal Care,Card,Salon service,Urban Company
2024-10-24,1138,Food & Dining,Card,Coffee,Zomato
2024-10-24,448,Transport,UPI,Metro recharge,Metro
2024-10-24,408,Transport,UPI,Office commute,Ola
2024-10-25,1617,Food & Dining,Net Banking,Lunch,Swiggy
2024-10-25,296,Transport,Cash,Office commute,Uber
2024-10-28,2238,Food & Dining,Net Banking,Food Delivery,Local Cafe
2024-10-28,1910,Food & Dining,UPI,Food Delivery,Swiggy
2024-10-28,79,Transport,Cash,Metro recharge,Uber
2024-11-01,17486,Rent,Card,Monthly Rent,Landlord
2024-11-01,1605,Food & Dining,Cash,Food Delivery,Starbucks
2024-11-01,930,Food & Dining,Cash,Dinner,Swiggy
2024-11-01,1243,Food & Dining,Card,Lunch,Starbucks
2024-11-03,1316,Food & Dining,Net Banking,Dinner,Zomato
2024-11-03,96,Transport,Cash,Cab ride,Ola
2024-11-04,544,Food & Dining,UPI,Lunch,Swiggy
2024-11-04,211,Transport,Cash,Cab ride,Ola
2024-11-04,1918,Shopping,Card,Electronics,Myntra
2024-11-04,5788,Education,Card,Books,Udemy
2024-11-05,649,Subscriptions,Cash,Netflix Subscription,Netflix
2024-11-05,1500,Subscriptions,Net Banking,Gym Membership,Gold Gym
2024-11-05,1500,Subscriptions,Card,Gym Membership,Gold Gym
2024-11-05,609,Personal Care,UPI,Salon service,Nykaa
2024-11-06,490,Transport,UPI,Metro recharge,Ola
2024-11-07,1738,Food & Dining,UPI,Lunch,Zomato
2024-11-07,524,Transport,Card,Office commute,Ola
2024-11-10,2050,Shopping,Cash,Electronics,Myntra
2024-11-10,496,Medical & Health,UPI,Consultation,Apollo Pharmacy
2024-11-10,2500,Insurance,Card,Life Insurance,LIC
2024-11-11,176,Miscellaneous,Cash,Random items,Local Store
2024-11-12,429,Transport,UPI,Metro recharge,Uber
2024-11-13,391,Food & Dining,Cash,Coffee,Starbucks
2024-11-13,3559,Utilities,Cash,Mobile Recharge,Airtel
2024-11-15,729,Utilities,Net Banking,Electricity Bill,Jio
2024-11-15,1686,Entertainment,Net Banking,Streaming,Netflix
2024-11-15,748,Entertainment,Cash,Streaming,PVR Cinemas
2024-11-16,1848,Food & Dining,UPI,Dinner,Swiggy
2024-11-16,517,Transport,Cash,Metro recharge,Ola
2024-11-16,1470,Personal Care,Card,Skincare,Urban Company
2024-11-17,1216,Food & Dining,Net Banking,Dinner,Local Cafe
2024-11-18,67,Transport,UPI,Cab ride,Uber
2024-11-18,812,Shopping,Cash,Electronics,Amazon
2024-11-18,15086,Travel,Card,Flight ticket,Indigo
2024-11-21,133,Transport,Cash,Metro recharge,Ola
2024-11-24,1767,Food & Dining,Cash,Dinner,Zomato
2024-11-25,1965,Food & Dining,Card,Lunch,Swiggy
2024-11-25,722,Food & Dining,UPI,Dinner,Local Cafe
2024-11-25,1249,Food & Dining,UPI,Lunch,Starbucks
2024-11-25,3482,Utilities,Net Banking,Mobile Recharge,Jio
2024-11-25,1324,Entertainment,Net Banking,Streaming,PVR Cinemas
2024-11-25,1062,Entertainment,Card,Streaming,Netflix
2024-11-25,2044,Miscellaneous,UPI,Random items,Amazon
2024-11-27,409,Food & Dining,Cash,Lunch,Zomato
2024-11-27,346,Transport,UPI,Office commute,Uber
2024-11-28,1801,Food & Dining,UPI,Lunch,Local Cafe
2024-11-28,594,Transport,Card,Cab ride,Ola
2024-11-28,1440,Utilities,Net Banking,Internet,Airtel
2024-12-01,16947,Rent,Card,Monthly Rent,Landlord
2024-12-03,2858,Shopping,Cash,Online Shopping,Flipkart
2024-12-04,2350,Food & Dining,Card,Lunch,Zomato
2024-12-05,1500,Subscriptions,Net Banking,Gym Membership,Gold Gym
2024-12-05,1500,Subscriptions,Card,Gym Membership,Gold Gym
2024-12-05,119,Subscriptions,Cash,Spotify Subscription,Spotify
2024-12-06,2216,Food & Dining,UPI,Dinner,Local Cafe
2024-12-07,546,Transport,Cash,Metro recharge,Metro
2024-12-07,562,Transport,Card,Metro recharge,Metro
2024-12-07,257,Miscellaneous,Cash,Random items,Amazon
2024-12-08,1473,Food & Dining,Cash,Dinner,Swiggy
2024-12-08,1727,Entertainment,Net Banking,Movie ticket,Netflix
2024-12-09,1644,Education,Card,Books,Udemy
2024-12-10,3039,Shopping,Net Banking,Online Shopping,Flipkart
2024-12-10,2500,Insurance,Card,Life Insurance,HDFC Life
2024-12-11,368,Transport,UPI,Cab ride,Uber
2024-12-11,1176,Entertainment,Card,Streaming,Netflix
2024-12-12,1667,Food & Dining,UPI,Food Delivery,Zomato
2024-12-12,390,Medical & Health,UPI,Consultation,Practo
2024-12-13,245,Food & Dining,UPI,Coffee,Zomato
2024-12-14,1317,Food & Dining,Cash,Dinner,Swiggy
2024-12-14,1443,Entertainment,Cash,Movie ticket,Netflix
2024-12-15,317,Transport,UPI,Cab ride,Uber
2024-12-15,237,Transport,Cash,Metro recharge,Uber
2024-12-15,1933,Utilities,UPI,Mobile Recharge,Airtel
2024-12-15,852,Entertainment,Net Banking,Streaming,Netflix
2024-12-16,1933,Food & Dining,UPI,Lunch,Zomato
2024-12-16,2084,Food & Dining,UPI,Coffee,Starbucks
2024-12-16,5486,Shopping,Net Banking,Online Shopping,Amazon
2024-12-17,1178,Food & Dining,UPI,Food Delivery,Starbucks
2024-12-17,302,Transport,Cash,Metro recharge,Uber
2024-12-18,461,Food & Dining,Cash,Lunch,Swiggy
2024-12-18,1977,Food & Dining,UPI,Lunch,Starbucks
2024-12-19,688,Personal Care,UPI,Salon service,Urban Company
2024-12-20,1700,Food & Dining,Net Banking,Food Delivery,Starbucks
2024-12-20,374,Transport,UPI,Office commute,Metro
2024-12-21,3050,Utilities,Card,Mobile Recharge,BESCOM
2024-12-23,2033,Food & Dining,Cash,Coffee,Zomato
2024-12-23,1843,Food & Dining,UPI,Dinner,Local Cafe
2024-12-25,2127,Utilities,UPI,Mobile Recharge,Airtel
2024-12-25,1417,Personal Care,Card,Skincare,Nykaa
2024-12-26,1013,Food & Dining,Card,Lunch,Swiggy
2024-12-27,472,Transport,UPI,Metro recharge,Ola
2024-12-27,551,Transport,UPI,Cab ride,Metro
2024-12-27,553,Transport,UPI,Office commute,Uber
2024-12-27,2291,Utilities,Net Banking,Mobile Recharge,BESCOM
2024-12-28,864,Miscellaneous,UPI,Random items,Amazon
